﻿<?xml version="1.0" encoding="utf-8" ?>
<WellProductionData>
  <WellProduction>
    <Date>2008/11/22</Date>
    <WellName>Well 1</WellName>
    <OilProduced>100 bbl/day</OilProduced>
    <GasProduced>20 bbl/day</GasProduced>
    <WaterProduced>-10 bbl/day</WaterProduced>
    <Status>Open</Status>
  </WellProduction>
  <WellProduction>
    <Date>2008/11/27</Date>
    <WellName>Well 1</WellName>
    <OilProduced>-70 bbl/day</OilProduced>
    <GasProduced>10 bbl/day</GasProduced>
    <WaterProduced>3 bbl/day</WaterProduced>
    <Status>Open</Status>
  </WellProduction>
  <WellProduction>
    <Date>2008/12/02</Date>
    <WellName>Well 1</WellName>
    <OilProduced>110 bbl/day</OilProduced>
    <GasProduced>-10 bbl/day</GasProduced>
    <WaterProduced>12 bbl/day</WaterProduced>
    <Status>Open</Status>
  </WellProduction>
  <WellProduction>
    <Date>2008/12/10</Date>
    <WellName>Well 1</WellName>
    <OilProduced>90 bbl/day</OilProduced>
    <GasProduced>18 bbl/day</GasProduced>
    <WaterProduced>9 bbl/day</WaterProduced>
    <Status>Open</Status>
  </WellProduction>
  <WellProduction>
    <Date>2008/12/20</Date>
    <WellName>Well 1</WellName>
    <OilProduced>105 bbl/day</OilProduced>
    <GasProduced>22 bbl/day</GasProduced>
    <WaterProduced>5 bbl/day</WaterProduced>
    <Status>Open</Status>
  </WellProduction>
  <WellProduction>
    <Date>2008/11/22</Date>
    <WellName>Well 2</WellName>
    <OilProduced>70 bbl/day</OilProduced>
    <GasProduced>15 bbl/day</GasProduced>
    <WaterProduced>20 bbl/day</WaterProduced>
    <Status>Open</Status>
  </WellProduction>
  <WellProduction>
    <Date>2008/11/25</Date>
    <WellName>Well 2</WellName>
    <OilProduced>80 bbl/day</OilProduced>
    <GasProduced>12 bbl/day</GasProduced>
    <WaterProduced>15 bbl/day</WaterProduced>
    <Status>Open</Status>
  </WellProduction>
  <WellProduction>
    <Date>2008/11/28</Date>
    <WellName>Well 2</WellName>
    <OilProduced>72 bbl/day</OilProduced>
    <GasProduced>8 bbl/day</GasProduced>
    <WaterProduced>8 bbl/day</WaterProduced>
    <Status>Open</Status>
  </WellProduction>
  <WellProduction>
    <Date>2008/12/05</Date>
    <WellName>Well 2</WellName>
    <OilProduced>90 bbl/day</OilProduced>
    <GasProduced>10 bbl/day</GasProduced>
    <WaterProduced>14 bbl/day</WaterProduced>
    <Status>Open</Status>
  </WellProduction>
  <WellProduction>
    <Date>2008/12/09</Date>
    <WellName>Well 2</WellName>
    <OilProduced>80 bbl/day</OilProduced>
    <GasProduced>11 bbl/day</GasProduced>
    <WaterProduced>9 bbl/day</WaterProduced>
    <Status>Open</Status>
  </WellProduction>
  <WellProduction>
    <Date>2008/12/15</Date>
    <WellName>Well 2</WellName>
    <OilProduced>76 bbl/day</OilProduced>
    <GasProduced>16 bbl/day</GasProduced>
    <WaterProduced>12 bbl/day</WaterProduced>
    <Status>Open</Status>
  </WellProduction>
  <WellProduction>
    <Date>2008/11/22</Date>
    <WellName>Well 2</WellName>
    <OilProduced>76 bbl/day</OilProduced>
    <GasProduced>16 bbl/day</GasProduced>
    <WaterProduced>12 bbl/day</WaterProduced>
    <Status>Open</Status>
  </WellProduction>
  <WellProduction>
    <Date>2008/12/01</Date>
    <WellName>Well 3</WellName>
    <OilProduced>-100 bbl/day</OilProduced>
    <GasProduced>40 bbl/day</GasProduced>
    <WaterProduced>10 bbl/day</WaterProduced>
    <Status>ShutIn</Status>
  </WellProduction>
  <WellProduction>
    <Date>2008/12/12</Date>
    <WellName>Well 3</WellName>
    <OilProduced>90 bbl/day</OilProduced>
    <GasProduced>0 bbl/day</GasProduced>
    <WaterProduced>15 bbl/day</WaterProduced>
    <Status>ShutIn</Status>
  </WellProduction>
</WellProductionData>
